,zlib-1.2.8-x4na4gntgmxzj6uom2ps7twao7qd3lai/lib/libz.so.1.2.8,zlib-1.2.11-cvyc3qqfhojs42texnulwmarnnkyjdvc/lib/libz.so.1.2.11,zlib-1.2.8-qvcngjct4b7o66db5b4r6p7a3sauwfmk/lib/libz.so.1.2.8,zlib-1.2.11-oxbegprx4yknw4ugbowjkqkxs3ez5xsf/lib/libz.so.1.2.11,zlib-1.2.8-ptc5in5sjeqpsllo65hdkqnmpfsxmqrs/lib/libz.so.1.2.8,zlib-1.2.8-ud5lml5s6xs47rw3jyqte4tfj72upekm/lib/libz.so.1.2.8,zlib-1.2.11-ech7q6sqptumrsjdsvureubhkov2dm23/lib/libz.so.1.2.11,zlib-1.2.11-7ux7ounf3nzwqohm3pnrj44md5sqcxzo/lib/libz.so.1.2.11
openmpi-4.0.6-2tmgr5pf5ongcrohyjkq7zdtozfhdkr6/bin/ompi_info,0,0,0,0,1,0,0,0
openmpi-1.10.3-5dgystguzzvmmzfc3pxjh63ubgdn2g2j/bin/ompi_info,0,0,0,0,1,0,0,0
openmpi-4.0.1-lqvbkq4mgy7ujh2w36e7zg66ipqvvray/bin/ompi_info,0,0,0,1,0,0,0,0
openmpi-1.8.6-fqvhxq5zxoro7e5yoyx7bqwtyzzqwpgg/bin/ompi_info,0,1,0,0,0,0,0,0
openmpi-1.6.2-z5xzpz6z2qvlivgmgextvsj3d4fyj7it/bin/ompi_info,0,0,0,0,1,0,0,0
openmpi-1.8.6-yhnqz5bs5acoj22oc7gglriic33tbvgg/bin/ompi_info,0,0,1,0,0,0,0,0
openmpi-2.1.4-je4d3qkhnkk7ria5fhfco6r55o3wu6tk/bin/ompi_info,0,0,0,1,0,0,0,0
openmpi-1.8.5-kfdcdq22knvvsfd6lehj2cfpsrglemmu/bin/ompi_info,0,0,0,0,1,0,0,0
openmpi-1.6.5-67mga7gqbvj67j3grjzqbuctsppv7cn4/bin/ompi_info,0,0,0,0,0,0,0,1
openmpi-2.1.3-goya52geumrknethr4dubsnwipbjamyf/bin/ompi_info,0,0,0,1,0,0,0,0
openmpi-1.7.3-a2rwdnsyaxdia7pvud5mb7txwdp4yguq/bin/ompi_info,0,0,0,0,1,0,0,0
openmpi-1.2.8-te6raxluiaymoh7p77tvmrj6qxnooocp/bin/ompi_info,0,0,0,0,1,0,0,0
openmpi-3.1.2-3fwtsxhshpsfkc6pc7bvoi3jozrqdmcs/bin/ompi_info,0,0,0,0,1,0,0,0
openmpi-1.2.6-dppyw5qeqtxi5dl3n2knrav77qaxyavs/bin/ompi_info,0,0,1,0,0,0,0,0
openmpi-4.0.0-3elpbckealf7hk56wexbcz2i5vlaab24/bin/ompi_info,0,0,0,0,0,1,0,0
openmpi-1.6.2-davggznmdalqbwobzfqh24w5iw4mdtgj/bin/ompi_info,0,0,0,1,0,0,0,0
openmpi-1.3.1-wmhsgo4crpvjniz3xn76zs6dde6tybpp/bin/ompi_info,0,0,0,0,1,0,0,0
openmpi-1.6.5-ujqswxa5tfhvxeqo65r3s7z3coylxivc/bin/ompi_info,1,0,0,0,0,0,0,0
openmpi-4.0.2-vynlobv5brd5t3jwdrggnud32czlwjnc/bin/ompi_info,0,0,0,1,0,0,0,0
openmpi-2.0.4-77pmyb4mz2cyblkehtbrds35esr3aebv/bin/ompi_info,0,0,0,0,0,0,1,0
openmpi-1.2.7-fyearsqdffbgeelz2bhytp4luvzyf3z6/bin/ompi_info,0,1,0,0,0,0,0,0
openmpi-3.1.3-yycbeuvwrr2ihcxnv4dkbougg7kp6mzb/bin/ompi_info,0,0,0,0,1,0,0,0
openmpi-1.6-zli7zzhaec5yp4vhpspaz7nf3xoxdv2p/bin/ompi_info,0,0,0,0,0,0,1,0
openmpi-4.1.0-frzo7ozqa5wwdvipbeqtzzlvtadttf4m/bin/ompi_info,1,0,0,0,0,0,0,0
openmpi-4.0.2-oae2pf5b46txzdibgtk4rp2gnlypnbgo/bin/ompi_info,0,0,0,0,1,0,0,0
openmpi-1.10.5-cjfu5vfec25qa2sdigviz6n2hueej2fc/bin/ompi_info,0,0,0,0,1,0,0,0
openmpi-1.7.3-7ugf3k4n4wguovhvrz5le45xdlysfmau/bin/ompi_info,0,0,0,1,0,0,0,0
openmpi-1.5.2-mn2qguvz2j5spqs2qak62t6lba3ssnwl/bin/ompi_info,0,0,0,0,1,0,0,0
openmpi-1.2.8-kgyc6wqkwqh6z3fg5psr7qhdqtrx3qlz/bin/ompi_info,0,0,0,1,0,0,0,0
openmpi-1.6.1-3edk2rpwjhfrl43h5vps3mr6cuyxppnq/bin/ompi_info,0,0,0,0,1,0,0,0
openmpi-2.1.2-ospz3lzoqy3iqj4lxowtvkhekfzy5dr2/bin/ompi_info,1,0,0,0,0,0,0,0
openmpi-3.1.3-cergziduwqf2lbx57xcyybss5pkuko64/bin/ompi_info,0,0,0,1,0,0,0,0
openmpi-1.7-2ra4om3cd4yn7owzwvdbhru7mhy3ki3g/bin/ompi_info,0,0,0,0,1,0,0,0
openmpi-2.0.4-l75f55k274v7yk6tg66z5azix7nmnvs6/bin/ompi_info,0,0,0,0,0,1,0,0
openmpi-1.4.2-hilmceqeos5qfqk672usbo6znn7dakuu/bin/ompi_info,0,1,0,0,0,0,0,0
openmpi-1.5.1-eviqmeum4si7st7chuk3tqgfewbyyzl7/bin/ompi_info,0,0,0,0,1,0,0,0
openmpi-1.6.4-3qin5mwhmf7swjl43c26qi7t4owyoj3d/bin/ompi_info,0,0,0,1,0,0,0,0
openmpi-1.5.3-fwugf6oes7srdnc32fozexdh7kdw2r53/bin/ompi_info,0,0,0,0,0,0,1,0
openmpi-2.1.0-xgkibg66zh55elql6thlyifzxei3rvzy/bin/ompi_info,0,0,0,1,0,0,0,0
openmpi-3.1.4-njfy35p7xjd5l2ypjujcluaoi4lptcp4/bin/ompi_info,0,0,0,0,0,0,0,1
openmpi-1.10.3-wrrxscp3m4t66nwr5uyefmnshsf7zuvj/bin/ompi_info,0,0,0,1,0,0,0,0
openmpi-3.1.6-66shyp7nducutkqp3jpm4u4stk7mrgux/bin/ompi_info,0,0,0,0,0,1,0,0
openmpi-1.10.1-gbxwkbf3qb5ftd2brdextgebjj3invf3/bin/ompi_info,0,0,0,0,0,1,0,0
openmpi-4.0.0-x2nb4amodmb23q3evasamfqbqxycbtdn/bin/ompi_info,0,0,0,0,0,0,1,0
openmpi-3.1.5-gzszmky3alhizsa6fmo2gwuajftfbr6r/bin/ompi_info,0,1,0,0,0,0,0,0
openmpi-1.5-4uywtteraarzaadkhqfrtzilhvz6yze2/bin/ompi_info,0,0,0,1,0,0,0,0
openmpi-1.4-jfwmqdiwqi7obagz53bcbtok6bu55v4w/bin/ompi_info,0,0,0,1,0,0,0,0
openmpi-2.0.2-vdwtk3iotaqxiydrx7f4kp7yfw7es3uw/bin/ompi_info,0,0,0,0,1,0,0,0
openmpi-1.8.4-qhfuu7fn4j4mgulpqtm6fx5676httb2f/bin/ompi_info,0,0,0,0,1,0,0,0
openmpi-4.1.0-cyr2rp6igem3me4ofcivr34kxshzzp7s/bin/ompi_info,0,0,0,0,0,0,0,1
openmpi-1.10.4-7t3446heask264gjba2pniha6o44wjlj/bin/ompi_info,0,0,0,0,0,0,1,0
openmpi-1.4.4-lbkmic26noy6n75mv7ridego4qy2hsrd/bin/ompi_info,0,0,0,0,1,0,0,0
openmpi-1.2.9-hyu3fcho2njb2udyrqfdjeew75joaf2i/bin/ompi_info,0,0,0,1,0,0,0,0
openmpi-3.0.2-7hk3m5xfctpgain26tgb2hdjeppy3jmb/bin/ompi_info,0,0,0,0,0,0,1,0
openmpi-1.8.2-546ysc4cp4ybefedxgf4bzo5w3bvizl2/bin/ompi_info,0,0,0,0,0,1,0,0
openmpi-1.7.1-nuzuqmmjlautyyo7ptxdkp7jdmdgle2u/bin/ompi_info,0,0,0,0,1,0,0,0
openmpi-4.0.4-xfthc5w3jledrdhqz7ky7ml2oek6hdk7/bin/ompi_info,1,0,0,0,0,0,0,0
openmpi-3.1.6-cp334k5pqzyropcizxovajoqhoj3gith/bin/ompi_info,0,0,0,0,0,0,1,0
openmpi-1.10.6-wtyj5g6alhmzk3lekagmadrkk3dbsfgs/bin/ompi_info,0,0,0,1,0,0,0,0
openmpi-1.4.3-a4b2xrvsdutfxpb7pe5iqazabusc4mny/bin/ompi_info,0,0,0,0,0,0,0,1
openmpi-1.6.4-lyceezbaiwzg2wyx62rrhlun3fcznjbu/bin/ompi_info,0,0,0,0,1,0,0,0
openmpi-1.3-ziy6mybkhfcicjb2krjj72ttepv7ug3j/bin/ompi_info,1,0,0,0,0,0,0,0
openmpi-3.0.3-7f3vkmov76f46e5irh74zmgyyx442yue/bin/ompi_info,0,0,0,0,0,1,0,0
openmpi-1.4.4-325e5gxumzokrtui7ya57ufafr4jbw2r/bin/ompi_info,0,0,0,1,0,0,0,0
openmpi-2.1.6-ijk35zwk7zmt6req7zmiqcj53r6cn5ob/bin/ompi_info,0,0,0,1,0,0,0,0
openmpi-1.10.2-hrhg3xqdvhzj63subdbbkx2ts4tte62p/bin/ompi_info,0,0,0,1,0,0,0,0
openmpi-1.10.1-arj3kofqxjvpwwht4igfqhsvu2pvn5b5/bin/ompi_info,0,0,0,0,0,0,1,0
openmpi-2.1.1-ro43rvuqctmli4kt5k4fqw2abl7hbd3v/bin/ompi_info,0,0,0,0,0,1,0,0
openmpi-1.4.3-3hbz45inbvqd7g5wuu4ea7goq3amlqdq/bin/ompi_info,1,0,0,0,0,0,0,0
openmpi-1.7.2-yljikciewo2qsvxrkcjnzws2yeeehxdz/bin/ompi_info,0,0,0,1,0,0,0,0
openmpi-1.10.5-hcimmrzycs3lpz7wuezkpeoil4bu25io/bin/ompi_info,0,0,0,1,0,0,0,0
openmpi-3.0.2-zamnmo7yb2d3rfmqzzr6isttrogysysm/bin/ompi_info,0,0,0,0,0,1,0,0
openmpi-1.8.3-cqmtyo7ahosxettm4bcnd2aslrpla6bl/bin/ompi_info,0,0,0,0,1,0,0,0
openmpi-2.1.1-e2ktza6727awvu2wjmgsdyip4oepnw55/bin/ompi_info,0,0,0,0,0,0,1,0
openmpi-1.7.4-iy6oyfu6ykcfknixuooyverrg5iscgb5/bin/ompi_info,0,0,0,1,0,0,0,0
openmpi-1.7-ebne3rt5jvbsjrlhx3x5thksndv4no6g/bin/ompi_info,0,0,0,1,0,0,0,0
openmpi-1.8.2-ykep7u2mwi5im7gchfcsfza6hpfktsbt/bin/ompi_info,0,0,0,0,0,0,1,0
openmpi-2.1.4-44pmr3e7gppzvfb47pc4nr5oyg52ybhe/bin/ompi_info,0,0,0,0,1,0,0,0
openmpi-3.0.0-wxjaoioqrtnaynl2aajvqk4zyfk7ierh/bin/ompi_info,0,0,0,0,1,0,0,0
openmpi-1.3.3-5bsn3msr2fo56ixtzabum4cienb4mnrx/bin/ompi_info,0,0,0,0,1,0,0,0
openmpi-1.4.1-zwhkyyk7tiflp3a2ss2hwzcoax6om3ot/bin/ompi_info,0,1,0,0,0,0,0,0
openmpi-3.1.5-6erwr6sxogugpjmukjwkkvmzqu4buk4w/bin/ompi_info,0,0,1,0,0,0,0,0
openmpi-1.10.0-3g2qkiq7f2jzkv75hoc3hdfr2ojvwcel/bin/ompi_info,0,0,0,0,0,0,1,0
openmpi-1.8.1-jarnfgt4a372k4sxscourwnxm4wvm7jq/bin/ompi_info,0,0,0,1,0,0,0,0
openmpi-3.1.4-ztttpsqnclur3fgqbkruvmg2cam36iyv/bin/ompi_info,1,0,0,0,0,0,0,0
openmpi-1.8.8-3iekx6fsp7vs4z6iarn3f2a345shxreb/bin/ompi_info,0,0,0,0,1,0,0,0
openmpi-3.0.5-4wuliiztujuqak5qnpbtgf3sjvmoxoug/bin/ompi_info,0,0,0,0,1,0,0,0
openmpi-4.0.6-tclaiho6htvcrtqvk3hyxarfgwpg4f22/bin/ompi_info,0,0,0,1,0,0,0,0
openmpi-2.1.2-vijv7muxpzamxpo53bxvdte7gyryykxx/bin/ompi_info,0,0,0,0,0,0,0,1
openmpi-1.7.5-iednsivmz5ljmdhppiz7gly7inziyoon/bin/ompi_info,0,0,0,1,0,0,0,0
openmpi-1.8.5-6mwq5l4772jz4y2wq72wjcn2xfugoyi6/bin/ompi_info,0,0,0,1,0,0,0,0
openmpi-2.1.5-hdmwomabuzbnxbhl2xtjzta34ykjkcug/bin/ompi_info,0,0,0,0,1,0,0,0
openmpi-2.0.2-7olt2nit34yfup76k6b3ocq45arz64ju/bin/ompi_info,0,0,0,1,0,0,0,0
openmpi-1.6.1-xha7jwvvqbbwlw6zf2ci6unuz2mip2er/bin/ompi_info,0,0,0,1,0,0,0,0
openmpi-1.5.1-g4h2qhwi7rgl3iugo3y6uhfzemjx4pwr/bin/ompi_info,0,0,0,1,0,0,0,0
openmpi-4.0.4-l2syrfbriqdvpc4rwa4dwblbinmflow2/bin/ompi_info,0,0,0,0,0,0,0,1
openmpi-4.1.1-bebgd55l4v4f2kcdvg2uzo52oqvpf3gp/bin/ompi_info,0,0,0,1,0,0,0,0
openmpi-3.1.1-vtuquitzrsohcgk5g4paiz7i6btwh3zq/bin/ompi_info,0,1,0,0,0,0,0,0
openmpi-1.7.2-qzqwilb6hwxuhshlzkb7l27yop4kazxu/bin/ompi_info,0,0,0,0,1,0,0,0
openmpi-4.0.5-mdya4qk4llvm3jasvfpp7toyn5gd2hxi/bin/ompi_info,0,0,0,0,0,0,1,0
openmpi-1.3-myrw6am2mv3pmlo4qtxnqcdxfffcddzi/bin/ompi_info,0,0,0,0,0,0,0,1
openmpi-1.2.5-virm2ldgywoylcuslkrgolirqtebbgnp/bin/ompi_info,0,0,0,1,0,0,0,0
openmpi-2.0.1-7nfijaohd6ytm3yhx3ot5xon5ujou3ma/bin/ompi_info,0,0,0,0,1,0,0,0
openmpi-1.2.5-krshreru33c4bjae73234oojawdib5mt/bin/ompi_info,0,0,0,0,1,0,0,0
openmpi-3.0.1-23fbrhappocbgoftr4jw33zzthlcvhf3/bin/ompi_info,0,0,0,1,0,0,0,0
openmpi-1.10.7-dxrerrihyi77tvyf5spfgtqc3vmvunw2/bin/ompi_info,0,0,0,0,1,0,0,0
openmpi-1.4.5-pm7pamqcd3upl6qi4mt66porsh5dxfmm/bin/ompi_info,0,0,0,0,1,0,0,0
openmpi-1.8.7-kkouagmaz6ie4ywakc4zne5wlqx2c4cz/bin/ompi_info,0,0,0,1,0,0,0,0
openmpi-1.3.3-tnr4jeauo6k6ve5y3qeg4cc37xr5xd3u/bin/ompi_info,0,0,0,1,0,0,0,0
openmpi-3.0.4-uzp5hk7mibyd2fr6gnhk7yqq2fnlv56r/bin/ompi_info,0,0,0,1,0,0,0,0
openmpi-3.0.0-z2jpw3fxwa2364itgim4fj3syrnkpxep/bin/ompi_info,0,0,0,1,0,0,0,0
openmpi-1.3.2-7wjwum72wkqu4dds5drvhbxdlg3o3ao6/bin/ompi_info,0,0,0,0,1,0,0,0
openmpi-1.8.8-njt32gq5vkikpi5wu6c7flfr7q4gy5fr/bin/ompi_info,0,0,0,1,0,0,0,0
openmpi-1.5-muqkmmbocqnqwkznnj7loa6gz7hznvaf/bin/ompi_info,0,0,0,0,1,0,0,0
openmpi-2.0.3-7mcuxv7ffujyvyxa4pzntw2h5vgp6wpu/bin/ompi_info,0,0,0,0,0,0,0,1
openmpi-1.5.5-uiyf23vk744bap35lj2btlpko4cpe7mn/bin/ompi_info,0,0,0,0,1,0,0,0
openmpi-1.5.4-rg5ss23u6fdgqgwnuhgpgwddjn3cvxrz/bin/ompi_info,0,0,0,1,0,0,0,0
openmpi-1.4.1-mduqsnxfsfkjdsvehdq2g7anpov7zg7s/bin/ompi_info,0,0,1,0,0,0,0,0
openmpi-1.5.3-ouuqvph6dsmipl6ysglbvei5nerx3om6/bin/ompi_info,0,0,0,0,0,1,0,0
openmpi-3.1.2-d2ouek6mqy77vsy3hb7jwdpjl7objtv4/bin/ompi_info,0,0,0,1,0,0,0,0
openmpi-1.8-fxga7g5id63f5wcdpyxtegmpcdzckfzp/bin/ompi_info,0,0,0,1,0,0,0,0
openmpi-1.7.4-jsvzs7kxrgjsbaztxiartvnvtvvxukrj/bin/ompi_info,0,0,0,0,1,0,0,0
openmpi-3.1.0-xfh55wdfbchuztms2rvjq57mftdgdvrp/bin/ompi_info,0,0,1,0,0,0,0,0
openmpi-4.0.1-hvng5mwgranu7yw6cbor6bo6gs5ge57b/bin/ompi_info,0,0,0,0,1,0,0,0
openmpi-3.0.1-vb2vjvyyuksdgayxqx7yoz5xyk5pyjkz/bin/ompi_info,0,0,0,0,1,0,0,0
openmpi-4.0.5-m3x5zynxwvgha5z3viiwegxcwyjtfwll/bin/ompi_info,0,0,0,0,0,1,0,0
openmpi-1.3.4-rkkkmimtthre37livvfmsko2amocfcvv/bin/ompi_info,0,0,0,0,1,0,0,0
openmpi-1.6.3-o6zmofc3cglhkngzo47c5yf6f2h326oo/bin/ompi_info,0,0,0,0,0,0,0,1
openmpi-3.0.3-f36gxkyxk2hm7j3tqcw2g2tadoo66dsn/bin/ompi_info,0,0,0,0,0,0,1,0
openmpi-1.3.4-vn2u4hutchopkoz46cuofoiw77wmatl3/bin/ompi_info,0,0,0,1,0,0,0,0
openmpi-1.10.0-hpn3z5jwxi43bjxbreueapdb3bibb3ye/bin/ompi_info,0,0,0,0,0,1,0,0
openmpi-1.5.5-tqtjfhucmygz6qngio5axmoxtnphvj5l/bin/ompi_info,0,0,0,1,0,0,0,0
openmpi-1.2.7-crc4veqgqjvfebepfcbazygpdthoqzol/bin/ompi_info,0,0,1,0,0,0,0,0
openmpi-1.2.9-hldfyxthqpexdt2z3522fl5dxgptnkgu/bin/ompi_info,0,0,0,0,1,0,0,0
openmpi-1.10.4-ajklzg6hxqpswrgav57cu7xsohujbcng/bin/ompi_info,0,0,0,0,0,1,0,0
openmpi-1.10.7-apgqxhtcxrlm5jvjmkqimrcjts466ryr/bin/ompi_info,0,0,0,1,0,0,0,0
openmpi-1.7.5-ixgk2wo56u5ftshzpupc5egh5qiwohad/bin/ompi_info,0,0,0,0,1,0,0,0
openmpi-2.0.1-w77twfca3ho3rgw5qn7fixbpdo32dq5y/bin/ompi_info,0,0,0,1,0,0,0,0
openmpi-1.5.2-octx63py7zmkkznfksrhfv7776t2s3in/bin/ompi_info,0,0,0,1,0,0,0,0
openmpi-1.4-i5zusdl34orsidqqe44jfpmrzti6cjqk/bin/ompi_info,0,0,0,0,1,0,0,0
openmpi-4.0.3-wgvfvuykadgk737m7oda3ish7zt7wayo/bin/ompi_info,0,0,0,1,0,0,0,0
openmpi-1.10.6-vb27g7ah6tpcnbg5xc7zksqh32chqzd2/bin/ompi_info,0,0,0,0,1,0,0,0
openmpi-1.6-lfguz4owo6a4g7meqxgkgr3a5p4yw5k2/bin/ompi_info,0,0,0,0,0,1,0,0
openmpi-1.8.7-3tiqcfg737dhhwrdkpkwyskgpwhg2ymn/bin/ompi_info,0,0,0,0,1,0,0,0
openmpi-3.0.4-axfbxq7hdzrnydan4py5ntc3yupavjnf/bin/ompi_info,0,0,0,0,1,0,0,0
openmpi-1.8-asvj3zwactwu5bah4yzktrirrosizndu/bin/ompi_info,0,0,0,0,1,0,0,0
openmpi-1.2.6-7wio3rdgwoqtzgaemt7nupqedvoqb2ju/bin/ompi_info,0,1,0,0,0,0,0,0
openmpi-1.4.2-xr3ibhizltvk2uxyrx2yqnq4agtkstci/bin/ompi_info,0,0,1,0,0,0,0,0
openmpi-2.0.0-tzryjbgdxperwyhmkvpf4mv5byql2awk/bin/ompi_info,1,0,0,0,0,0,0,0
openmpi-4.0.3-povnvm2b6q2kzsxrwtbl5s74ar7vvxvs/bin/ompi_info,0,0,0,0,1,0,0,0
openmpi-2.1.0-cwcaru3mhygo6cjzemzoryrc33ujrp3l/bin/ompi_info,0,0,0,0,1,0,0,0
openmpi-1.10.2-4bxjvnsdiedm5fwdwejznpku3a44yqrd/bin/ompi_info,0,0,0,0,1,0,0,0
openmpi-1.8.4-evt7hqfuuou3seozkx7l4t3ibcuhd6kl/bin/ompi_info,0,0,0,1,0,0,0,0
openmpi-1.7.1-2mp6pspk7z5huc7bizi77nyw5h42bdkv/bin/ompi_info,0,0,0,1,0,0,0,0
openmpi-2.1.6-k6sq6p4bcrl6cqepqv7plrw2q3iaf6h2/bin/ompi_info,0,0,0,0,1,0,0,0
openmpi-2.0.0-qaosfszxzq73e3kl4nq2czypatbhap4x/bin/ompi_info,0,0,0,0,0,0,0,1
openmpi-1.6.3-3im3fqkvecsuec2qfiusapyyqjmzvhbw/bin/ompi_info,1,0,0,0,0,0,0,0
openmpi-1.8.1-jhyzwlhcd65j6efc4rxv7dzwsybnzpza/bin/ompi_info,0,0,0,0,1,0,0,0
openmpi-2.1.5-edmrcwu44uxz7v6z7u5ff63nvxw4xajj/bin/ompi_info,0,0,0,1,0,0,0,0
openmpi-2.0.3-5ff4gjc5bapwzjlu6e5amxxwnmssjrq6/bin/ompi_info,1,0,0,0,0,0,0,0
openmpi-1.3.2-cijb3wv2o4graauln2r5aocgrl5plkq3/bin/ompi_info,0,0,0,1,0,0,0,0
openmpi-1.8.3-a7qv2qzunftblew675qlcvqqygoxlbbn/bin/ompi_info,0,0,0,1,0,0,0,0
openmpi-1.3.1-xamjuzees3ukz55fhsd7qt2cx67oskmc/bin/ompi_info,0,0,0,1,0,0,0,0
openmpi-3.0.5-chhthuirkhlgoesepltq52zbulvfv2ze/bin/ompi_info,0,0,0,1,0,0,0,0
openmpi-1.4.5-cv3cdzlo4zxwutc3euu2f3bsd5m6si6e/bin/ompi_info,0,0,0,1,0,0,0,0
openmpi-2.1.3-iacwi2igwvlvxtq7qtnd25krzjfgig2p/bin/ompi_info,0,0,0,0,1,0,0,0
openmpi-4.1.1-4ftp7ofcwzgfsu3wyh2ntst5afx6j734/bin/ompi_info,0,0,0,0,1,0,0,0
openmpi-3.1.0-idouoiyr4a3iprhioppqbreoypy4byfv/bin/ompi_info,0,1,0,0,0,0,0,0
openmpi-3.1.1-hqs5wpnbekiodrpysbgmr4inkwb3gtf6/bin/ompi_info,0,0,1,0,0,0,0,0
openmpi-1.5.4-z5mtuqca3lu6ufxrrua2ttkfxo33o7t4/bin/ompi_info,0,0,0,0,1,0,0,0
