,zlib-1.2.8-ptc5in5sjeqpsllo65hdkqnmpfsxmqrs/lib/libz.so.1.2.8,zlib-1.2.11-oxbegprx4yknw4ugbowjkqkxs3ez5xsf/lib/libz.so.1.2.11
sqlite-3.34.0-d72inrymqtjkugbzv6dltmjgngomsdxq/bin/sqlite3,0,1
sqlite-3.27.2-tpi7zbq7sxeeziqyviuhmitxdj4huhqy/bin/sqlite3,0,1
sqlite-3.29.0-ohfxtmhpmkogzgoevtlzv346naj6flcv/bin/sqlite3,1,0
sqlite-3.30.0-evjabr3sfoji5llkbwxsirhkq4n5a7i6/bin/sqlite3,1,0
sqlite-3.36.0-24wdn6iii4xmqd2wrlbclj7y7vb6ktcx/bin/sqlite3,0,1
sqlite-3.33.0-sknadl4lpmmzprnranzx5po5jmj4oiaz/bin/sqlite3,0,1
sqlite-3.35.4-sdmhhsy5pzlcqmqueu5iq4hwbx4lk7vo/bin/sqlite3,0,1
sqlite-3.27.0-weucpi54isd3hvw7qenpnvdnxepy37n4/bin/sqlite3,1,0
sqlite-3.32.03-4r57dtmkhtwhxhh5v3rcjgn2d6zhwxtm/bin/sqlite3,1,0
sqlite-3.36.0-vkqy5p4bjht5vp6qjs6aayfkn76e2g6t/bin/sqlite3,1,0
sqlite-3.27.2-g426yf333asvcsxaewjgypjcaha663wl/bin/sqlite3,1,0
sqlite-3.31.1-l62kzocbl3xms6rfsdgcvimk3xgqy7rz/bin/sqlite3,0,1
sqlite-3.35.5-joxxl4m64xcv4lerdjzpoustu37pkzbz/bin/sqlite3,1,0
sqlite-3.27.1-gacbevhv45rkj4jamo7crgdtp5bmng3p/bin/sqlite3,0,1
sqlite-3.35.3-2qooliw7c5frxcq6hm7q7zyl6xgmatco/bin/sqlite3,1,0
sqlite-3.30.1-wazds2xbexkxyv27tc6rxr2fdxhnxq6x/bin/sqlite3,1,0
sqlite-3.35.4-xc5ppn2pw3ezvfboya5p7yuv3u25ebmw/bin/sqlite3,1,0
sqlite-3.28.0-bm5xg2jpqsxy5irq4z3l2uk3wtpeos6u/bin/sqlite3,1,0
sqlite-3.35.3-ejjtd24aktlvp6p2twd3r5qicax6ardf/bin/sqlite3,0,1
sqlite-3.32.03-hpresjwe35uwigy4rm3yeh7tnboek4g4/bin/sqlite3,0,1
sqlite-3.35.5-xbe6cbeol35oqiithjkhi24t5ap5l2ej/bin/sqlite3,0,1
sqlite-3.27.0-gy5epsootj7c4c5tqecaetxjcg4q6anm/bin/sqlite3,0,1
sqlite-3.26.0-ggiakhwt3dmrk22vpnwr4aycw4yp63rk/bin/sqlite3,0,1
sqlite-3.26.0-ud53pzj6ftatyu4dxrxezmjfyvpqjsvx/bin/sqlite3,1,0
sqlite-3.29.0-u7bieusmc7qkbgaon54v2uu7h3k4xvtn/bin/sqlite3,0,1
sqlite-3.33.0-tzh7nyto4jl37svqfk3l52ol6wdpz7a6/bin/sqlite3,1,0
sqlite-3.30.1-q24e3j5cpknfooxlap4blysphjr6re4s/bin/sqlite3,0,1
sqlite-3.27.1-k5fqxxazbimssewo2c4jsrl3qcxmmz6d/bin/sqlite3,1,0
sqlite-3.34.0-czwkorcvexerkgfwflvpkzuxmf7bkwtl/bin/sqlite3,1,0
sqlite-3.28.0-nrku4kuizcnayx73anh6bk5ukg7agggh/bin/sqlite3,0,1
sqlite-3.31.1-q5ktcqnwescrzy2bwud33pi4by5hwssy/bin/sqlite3,1,0
sqlite-3.30.0-5mztzes54ndt53l57pe3kgvhqbetygtz/bin/sqlite3,0,1
